,0,1,2,3,4,5,6,7,8,9,10,11,12,13,14,15,16,17,18,19,20,21,22,23,24,25,26,27,28,29,30,31
acquired_abnormality,0.16665536,-1.2466582,-1.5707971,-1.5646589,0.95489717,-0.8700655,-1.2926271,0.34486744,-1.1944423,-1.4492928,-1.5380762,-0.4163224,0.29736596,0.6065495,-1.7940911,1.1954244,1.9908187,2.1909995,1.8217494,0.06665851,1.4997498,1.0085512,1.3197984,3.8642333,0.64815646,0.41849992,-1.3434104,-0.53240675,2.0665596,2.427613,-0.2675286,-1.3827739
anatomical_abnormality,0.3522061,-1.1394525,-2.096375,-2.0513587,1.4224417,-1.903565,-2.1089354,0.6384148,-1.3275708,-2.67164,-2.1397989,-0.8963479,0.45512107,0.4269687,-1.6792738,1.868212,2.4325588,3.6042821,2.3679435,0.3470843,2.1142368,1.4666314,1.0287753,4.613665,1.0181769,0.7205913,-0.8675644,-1.2006909,2.0664268,3.6424682,-1.175126,-0.48060542
alga,-1.9113659,-0.98976415,-1.1163869,-2.6476195,-2.0505688,-0.9717857,-2.577275,1.1231323,-1.5828441,-1.7832837,1.5911074,-0.43459424,0.8418668,0.14611705,0.12875636,-2.6663663,0.2569246,-4.3810077,2.6673636,-3.7585967,-3.646563,4.7866163,-2.134935,-4.4474454,1.439314,1.4356924,2.272156,-2.1263118,-0.8285137,2.4215913,-0.5469034,2.71258
mental_or_behavioral_dysfunction,-0.07952895,-0.6698875,-1.1712747,-1.6456028,-0.7453372,-1.0019149,-0.86681473,-0.8297427,-0.5284655,-0.893111,-0.39520705,-0.86647403,-1.313972,0.6822849,-0.80494404,1.2831912,1.6931691,0.20721522,0.93745375,1.5848696,0.59827405,-0.78462905,1.1630937,1.9359747,0.8823798,-0.4167021,2.3827379,1.036449,0.466404,1.6408381,0.49562103,-0.99379057
health_care_activity,-1.2966299,0.47137552,-1.9034408,-1.9537349,0.43998107,-0.83876806,-1.6071278,-0.48300418,-1.7593328,-2.881772,-0.51817703,1.596775,0.012376649,-1.7616036,-1.0706568,-0.70993733,3.4696512,-0.28304762,-2.048772,1.843161,4.3160777,-1.9740788,-2.6654327,2.6121595,1.3077563,-0.9062008,3.9424238,0.5242345,-0.84563375,-1.2711097,0.8665154,2.340446
population_group,-3.4999695,-1.2848876,-1.3898814,-2.7961738,-0.68848056,-1.7326694,-1.7229335,-0.07595871,-2.4610898,-1.4949315,-0.19293997,-0.87190527,1.026006,0.010491208,-0.19011623,-1.3383847,1.6468295,5.126949,0.892016,-0.54582506,-0.78675807,-1.4009603,-4.652956,-1.0754364,3.9077222,2.270608,2.9824002,-2.6317394,0.57655483,-4.023324,4.5654974,-0.90322113
clinical_attribute,-2.5088923,-1.8881466,-1.1734926,-1.5060902,-2.1186147,-2.4110088,-3.554477,-1.6237,-0.94834256,-2.13058,0.25826198,-1.0631835,0.35603485,-1.9072875,-1.2597426,-2.0673444,2.0116239,-1.0685389,1.9023302,-1.2626598,-0.3133912,-7.95705,1.083226,0.9243542,0.9541443,0.7633208,-1.3032502,-4.339976,-1.214,-2.1609738,2.799168,1.9347883
body_part_organ_or_organ_component,-0.3821821,-0.3657849,-0.34455687,-1.6826543,-0.94434667,-0.86973363,-2.0439801,-1.317916,-4.08989,-0.9444151,-1.465717,1.1563349,0.37803262,-0.63602906,-2.5115545,-1.1691128,-2.8673866,6.72861,2.2556274,-0.730533,0.23638976,-3.31295,-3.2030077,4.2620387,-0.8010424,-3.1154723,-2.444579,-3.580583,4.104117,0.6449177,-1.5359173,1.8848468
biologically_active_substance,-1.4904732,-1.1094658,-1.3630931,-2.4967499,1.8360773,-0.68119043,-0.6019466,-0.85445243,-1.4606441,-0.23635697,0.08450742,-0.37258032,0.74956477,-0.24907567,-1.0490535,-1.4865137,-2.2392316,-0.6840753,-2.6196434,-0.32288727,-0.83658016,-2.5162258,0.51237774,-2.964188,-0.7867681,0.097017,-0.77580166,0.70309913,2.4511166,3.431717,-1.7849289,-0.6994902
disease_or_syndrome,0.0015712415,-0.4529318,-1.2505789,-1.4993485,-0.6616648,-0.6977917,-1.1589286,-0.9193322,-0.7894301,-1.183301,-0.49390036,-0.41139054,-1.0210162,0.97102684,-0.22591725,1.3308349,1.6948979,0.262582,0.35411486,1.6170107,1.3621762,-0.775115,1.1167098,1.798544,1.3165239,0.45747194,2.9474146,1.6147052,0.5545438,1.426745,-0.05428381,-0.97113574
carbohydrate,-1.3966851,-0.15760805,-2.1082335,-1.4742633,2.0695746,0.38391715,-1.9633833,-1.1643925,-3.1971474,-1.0136801,-0.4841883,0.8563741,-0.21797006,-0.29723608,-1.9004456,-2.1495957,-0.61780155,-3.8441608,-3.5190148,-0.30080396,1.4406813,-3.0433178,-3.093496,2.21354,-1.2745951,-1.7377721,1.5935944,1.6899163,-0.70476055,2.0918045,-2.1879528,-1.2472361
molecular_sequence,-2.9012437,0.19288433,-1.8789073,-2.6881943,-0.74201614,-0.6187748,-2.6390386,-0.1560117,-1.1665024,-1.8132734,-0.5773275,-0.14176826,-1.3005344,-1.3971934,-2.2165363,-0.23600432,-2.1509054,1.6462013,-2.343343,-2.2588913,-4.1003385,5.0439754,-1.8858706,2.2147765,-2.3434238,0.901783,-1.2468903,-2.2785993,-1.7852963,-2.9251213,0.85759425,2.8199034
steroid,-0.98548514,-0.7686575,-2.0739682,-2.2116458,1.684756,-0.017003465,-2.6026335,0.2259341,-0.54879326,-0.9015108,-0.4619199,1.3024404,1.6356581,-0.7358787,-1.3687972,-1.6406786,-0.53271425,-3.8936508,-2.7917333,0.11558735,0.5733952,-3.0152135,-3.241627,0.38501778,-0.36150378,-0.8787197,0.5301682,0.4623117,-0.599051,3.7923045,-1.9836259,-1.0379981
experimental_model_of_disease,0.037130497,-0.69000655,-0.7136221,-1.7399471,-0.42223603,-1.2029358,-1.0955617,-0.94657993,-1.0018567,-1.0629303,-0.89050215,-1.5432616,-0.15172568,0.74571264,-0.59841037,1.5876744,2.1650975,-0.32163796,0.5103925,1.5750763,1.0733593,-0.11050427,1.3234462,2.2049894,1.2685585,0.703891,2.451273,-0.5999863,0.2671027,1.2239678,0.24899842,-1.4343005
patient_or_disabled_group,-2.4033122,-0.05919145,-1.6302116,-3.1425207,-1.2182741,-0.8011495,-0.99519914,-0.03753923,-1.9080087,-0.9633856,-1.3985779,0.19513309,-1.648513,0.30227605,-0.23844407,-1.2636617,0.24311776,6.7330365,0.9600891,0.65500057,-0.10356513,-0.9876858,-3.7905927,-0.01320766,2.1155727,1.4890249,1.6181763,-3.5551007,-1.2991655,-3.0103648,0.1055849,-1.3685777
professional_or_occupational_group,-1.7445065,-1.4143866,-2.216664,-2.442004,-0.75171614,-2.1136177,-1.2484239,-1.0377738,-2.989672,-1.4993368,1.2799801,-0.5513677,-1.1155398,-0.39391866,0.22302903,-1.15117,-1.3580757,2.0673418,-0.33105454,0.18506339,0.9152956,-2.2830236,-3.9368622,-2.9162116,2.4086363,4.0414658,0.1723753,-2.2709541,4.4308333,-4.1623545,2.8587515,-0.34734964
nucleic_acid_nucleoside_or_nucleotide,-1.9310249,-0.07254671,-2.0834858,-2.9048045,1.8716614,0.84111196,-1.9830513,0.32716042,-1.617769,0.18904835,0.33295286,2.4492922,-0.13771175,-0.31700978,-1.7521819,-2.3114858,-2.5676339,-5.661346,-2.553507,-1.2137619,2.009546,-2.6837902,-2.1581323,2.4477346,0.6249672,-1.2413819,2.445395,-2.255022,-0.05594679,2.033968,-2.8395097,0.83197737
organism_function,0.33182567,-0.5989573,-0.80633557,-1.3219857,-1.1058712,0.9971695,-1.5076156,-0.62250537,-1.5647725,-1.3260424,-0.4691158,0.28728548,-0.32175618,1.0259982,-0.7361585,0.8002369,1.869125,-3.207565,0.90160614,1.0633196,1.3997664,1.4102248,1.1027198,2.3311646,-1.2583516,0.033759367,2.2057214,-1.2966988,0.7775631,0.026866402,-0.4574312,-0.826697
mental_process,0.5586733,-0.26358324,-1.2668257,-0.51133925,-0.8341781,0.374667,-1.6234441,-0.3125247,-2.0786498,-1.2919742,-0.4581554,0.33045012,-0.5136416,1.4184644,-0.41470727,-0.067917205,0.80644536,-2.310961,0.35545623,1.4011676,0.3063269,1.8211795,1.38528,1.9952507,-1.3403101,-0.63164645,2.6285038,-1.0725516,0.5522632,0.79196537,0.7543402,-1.1158019
therapeutic_or_preventive_procedure,-2.0499177,0.34161934,-2.076248,-1.9408584,2.1148279,0.014645382,-1.3358591,-0.8054226,-1.1165539,-2.965904,1.475978,-0.10415079,2.0295806,-1.3709104,-1.0188127,-0.28305614,2.3865488,2.1469188,-3.673147,2.3111093,2.6383681,0.4933069,-1.4715427,1.5853748,1.9194628,-0.5023593,3.0000834,0.26690745,-1.0266125,-1.1049707,-2.0924823,0.42761916
cell_function,-0.93191844,-0.957686,-1.0706668,-1.5483408,-1.2770184,1.14127,-2.2815828,-0.5049909,-2.6026928,-0.3278116,-0.24441609,0.52959305,-0.56392205,2.4529269,-1.0981078,1.0276781,1.548295,-4.670595,1.2618974,0.50790423,1.8241254,3.0434234,1.3490639,5.3692646,-2.0142665,-0.41372806,1.715797,-5.174178,-0.075132355,0.8902898,0.693952,-3.4797149
pathologic_function,0.05353306,-0.80627626,-0.99951077,-1.2979962,-0.4427233,-1.2530696,-1.2284459,-0.5140977,-1.2249715,-0.5963601,-0.5952162,-0.9147739,-0.4170969,0.81174314,-0.23708344,1.2938422,1.5040979,0.8597218,0.52071834,1.8071007,1.1449951,-0.6503221,1.0469011,2.6920612,1.0854077,0.62881285,2.481778,0.8980683,-0.014073545,1.3750141,0.637095,-1.2897632
organ_or_tissue_function,-0.6325341,-0.8081845,-0.27535084,-1.219376,-1.0677985,0.74839467,-1.8748882,-0.7650642,-1.3728385,-1.1063416,-0.21833226,0.4451225,-0.18422823,1.1959059,-1.8216453,0.99049413,1.4179353,-3.8636036,1.3876742,0.65124106,0.9830778,0.82316786,1.3247427,2.8498046,-0.94245327,0.029337771,1.759772,0.054705072,2.5020955,0.92335075,-0.19611737,-0.85362405
enzyme,-1.3498298,-0.34914905,-1.4522952,-2.8521001,1.9421558,-1.7069676,-0.83171093,-0.4869675,-0.56683517,-0.8738337,-0.80554116,0.55976975,1.6849313,-0.2520163,-2.6832366,-1.4251803,0.7682856,-0.7948742,-1.987261,0.47118577,-0.5193903,-2.1005623,-1.0033313,-1.5140175,-1.3229986,0.13945119,0.12975623,1.3920429,0.9430556,4.067408,-1.0987982,-1.215716
cell,-0.031998273,-0.48662746,-0.79243445,-1.6626202,-1.8579328,-0.86189723,-2.4884558,-1.78434,-2.1279304,0.15596375,-0.9570406,1.0083487,-0.056692198,-1.7902303,-2.930842,-1.119612,0.5553299,5.308728,2.947996,-1.97667,0.8148984,-2.8962283,-4.082643,2.1919134,-1.4299239,-3.0271804,-0.62565327,-0.90537685,1.7214093,1.9921747,-0.3266255,-0.05787882
cell_component,-1.1315277,-2.560251,-0.9435282,-2.316107,-0.40505797,-0.52425337,-1.5763912,-1.588409,-2.9941468,-1.0574244,0.114783384,2.128233,2.0986233,-2.225442,-2.190127,0.068024844,0.9170811,3.2936835,1.9193405,0.16398546,3.0700977,-3.5920198,-3.586978,2.7000053,-1.6341692,-3.097006,-2.0747337,-1.5249046,3.6774912,2.8763957,-2.2506213,-0.71261954
cell_or_molecular_dysfunction,0.076475844,-0.8692557,-1.1575053,-1.3170352,-0.7232941,-1.2139238,-1.1782221,-0.72589564,-0.9760363,-1.496228,-0.6822492,-0.8532268,-0.9259308,0.7588898,-1.1863843,1.2746915,2.4523509,-0.2514492,0.6774551,1.4047173,0.8241831,0.020237153,1.911836,2.2193625,1.0197812,0.7347706,2.4158475,-0.11260446,0.12671304,1.715525,-0.31477246,-1.138211
hormone,-1.0880952,-0.28021064,-1.8627641,-3.4234867,2.1886191,-1.1706123,-1.6912762,-1.0282686,-0.5195058,-0.25586298,-0.26761144,-0.27014238,-0.08797344,-0.045379464,-2.3939536,-2.3885427,-0.113826625,-0.47731912,-3.3841577,0.4202598,-0.07334337,-2.8575878,0.156768,-1.8409216,-1.0939181,1.2304057,-1.0141447,1.6558579,1.5689677,3.335229,-1.9212793,0.13846745
organic_chemical,-0.26434714,0.0896419,-1.0960879,-2.8442602,2.4407637,0.16125897,-3.1974995,-0.3528762,-0.16559534,-0.90352064,1.1560808,3.5127048,1.5026195,-1.221756,-1.8781254,-1.6148101,0.1717041,-2.3070781,-1.7138516,-1.0367075,0.9218408,-2.0001705,-3.941678,0.9393902,0.4090752,-0.22921422,0.9311484,0.7462841,1.6054453,2.916041,-1.5235729,-3.532335
behavior,-0.42691955,0.48761153,-0.04390102,-3.348809,0.5709801,0.6021509,-2.633758,0.8282457,-0.88742316,-2.3548687,0.31770104,1.904244,-0.21990876,-1.0410392,-1.351395,-0.0010043228,-1.0275383,2.9591026,0.6768295,-0.31769034,-0.31752625,3.225477,-0.16718505,5.0184507,2.7257047,-1.9528846,3.135177,-3.233293,-5.069143,-0.63287777,3.8039103,1.8623021
neuroreactive_substance_or_biogenic_amine,-1.4235443,-1.9374746,-1.552549,-2.9453425,2.146696,-0.3067954,-1.0147469,-1.2718586,-1.5485626,0.30315,0.59289044,-0.23647515,0.5935353,0.041437306,-2.562527,-1.591139,0.60150796,-0.58459514,-3.8115606,-0.13685991,0.31749853,-3.0307448,-0.04052067,-1.972119,-1.9978162,2.0932364,-1.3989656,2.946683,0.8690808,2.81492,-0.6092775,-0.40440562
embryonic_structure,-0.72369605,-0.08023082,-2.267843,-2.4050035,0.021324286,-0.6453619,-1.8455167,-1.8768777,-1.1763203,-3.0958908,-2.1540227,1.642766,1.161123,-4.5243783,-2.591317,-0.07058751,2.0562284,3.2908444,3.627627,-1.778997,3.2786598,-1.8653715,-3.8788702,4.0245852,-1.80899,-0.49794212,-1.5934175,-3.0262282,-0.023001125,-1.7524989,-0.11465291,2.0957677
neoplastic_process,0.5193907,-0.5299464,-1.0591098,-1.3776963,-0.8932246,-1.3760979,-1.720727,-0.6569343,-1.0922333,-1.5321989,-0.30008256,-1.5576062,0.011423932,0.6623111,-0.5278461,1.6192505,2.0642385,-0.11346842,1.0899535,1.6779394,1.5926663,0.68271446,0.9467397,2.2229202,1.4538081,0.5058352,3.2492647,0.1295563,-0.71956044,1.0248712,-0.59999627,-1.4748089
laboratory_procedure,-1.0493867,1.3403801,-0.7999672,-0.91110885,0.41346806,0.60494506,-1.7224803,-1.8385276,-3.6543686,-2.9089344,0.9891384,-0.48832658,1.6532882,-2.881572,-1.0872976,-0.6317102,5.623269,-3.2599535,-3.6759672,-0.44232118,2.9693286,-2.1709776,-3.4530857,2.1790435,2.883759,-1.9131627,1.1416405,-2.0146575,-4.368168,-2.1191466,-1.0330331,-0.3807397
natural_phenomenon_or_process,-2.5992725,-1.4663819,0.097233765,-2.233873,-1.9674113,0.15257767,-1.7573694,-0.04247344,-1.3401384,-1.9013577,-0.5642172,-0.80599105,0.2892871,-1.0301561,-1.3397022,1.0232681,0.35557297,-3.7714322,0.31105733,0.5059202,0.03116887,-2.3027287,1.4143703,3.8622239,-1.4051106,-1.2517446,3.4657576,0.8036387,1.1750196,1.4005024,0.9328974,0.84944016
immunologic_factor,-1.5056195,0.22325832,-1.7086148,-1.8681605,1.8108222,-2.079325,-1.7244374,-0.38142404,-2.5014336,0.17862564,-0.16565387,0.3394141,-0.09957982,-0.084336564,-2.565832,-2.3271093,0.08843975,-0.3696831,-3.3534274,0.4832723,-0.9074108,-1.7519951,0.043001376,-3.9468668,-1.6116136,-0.55631745,-1.0634259,3.340135,1.7437241,4.408199,-1.5937109,-1.4898738
receptor,-0.5461623,0.26372284,-1.6643463,-3.073442,1.3091426,-2.1367776,-1.7260916,0.11351559,-1.2080584,-0.103893496,-0.9792457,-0.46907723,0.694938,-0.07583664,-1.9465034,-2.6109154,-0.016956437,0.46905172,-2.3912234,0.45079443,-0.71850085,-1.5398847,-0.36473563,-2.3755662,-0.18961886,0.14151481,-0.55744153,3.0447881,2.7850971,5.2570925,-2.2030544,2.261921
self_help_or_relief_organization,-2.3953834,-0.80517316,-1.2517378,-2.3012383,-0.67818415,-0.52378356,-2.282979,0.57092804,-2.0332613,0.30643737,0.15064785,-0.08100631,0.123133086,-0.3292705,-0.541015,-2.0427558,-3.731996,3.311195,-1.1477135,-2.7664325,-1.7403849,1.3681508,-2.709165,-1.244848,0.27023444,-3.5805748,-2.4678485,-0.9695843,0.20263876,-3.9229658,1.2303905,0.95216775
pharmacologic_substance,-2.0412831,-1.908156,-2.4248679,-2.778651,3.181465,-1.1324438,-1.0434835,-0.5202713,-1.9336083,0.13966167,0.6790796,0.17808229,0.13042347,-1.608213,-1.4920683,-2.169675,-3.8439841,0.040733386,-1.805708,0.9321884,-0.23748066,-6.204032,-0.04916592,1.8167601,0.023994233,1.3406845,-0.72299814,0.26582643,2.0032365,3.9311736,-2.617988,2.3649588
molecular_function,-1.4678606,-0.5700739,-1.4883059,-1.3722205,-1.1300108,1.0802313,-1.395815,-0.28825802,-2.511903,-0.59978247,-1.3685915,0.4764916,-0.16789259,1.4127454,-0.54832757,0.93650186,0.7557674,-3.1311042,0.9614034,1.4205371,2.3179877,0.55813146,1.1643445,4.25874,-2.548474,-0.6841981,2.2730205,0.24552657,2.3365948,1.1047573,0.61805636,-1.218791
regulation_or_law,0.051236812,2.3668737,-2.0374491,-2.7388802,1.1032972,-0.321055,-0.35610837,0.06930633,-2.287336,-0.922291,-0.3153299,-0.42018542,0.103959166,-2.7084482,-2.7065039,0.6893429,-1.1922967,-2.995136,-0.9572812,-0.69583374,-0.93291205,0.9908941,-2.5701835,0.11345564,-1.4051362,-2.3411088,0.5171195,-4.927441,1.3021367,-5.787138,0.3261484,-2.4975135
human,-1.3659571,-0.78565454,-0.6571746,-2.133775,-1.348528,-0.84255385,-1.8615206,2.0792892,-2.645992,-2.0338175,-1.1831534,-0.2711743,-0.55269545,0.45510957,-0.71815133,-1.7075241,4.3348575,1.2091265,0.7492635,-2.0312366,0.18437442,2.1539676,0.099750124,-0.982338,-3.6150765,2.3118908,3.9685016,-0.1307427,-2.8224068,1.4749342,1.6364671,3.0488324
eicosanoid,-1.5916389,-1.0426972,-2.507013,-2.416095,2.7860742,0.10068357,-2.8145943,-0.5038044,-1.0987996,-0.8025198,-1.3232874,0.34791216,1.575114,-0.91522354,-1.5548497,-2.2466142,-0.09036879,-4.9053845,-3.9916239,-0.5054515,1.7993023,-3.60396,-2.3948464,1.4398111,-2.105616,-1.473632,-0.17768162,3.020044,2.5047996,1.4720224,-3.655789,0.82684726
amino_acid_peptide_or_protein,-0.80301756,-0.90467036,-1.9378368,-2.4314966,1.986469,0.67247546,-1.2427944,-0.21897605,-2.4744897,0.14870094,-0.54739934,1.2055248,0.13661413,-1.0931386,-1.2421931,-2.5302942,-2.10781,-3.3150046,-0.35043567,-1.196303,1.8460561,-3.7185712,-3.3574708,2.2772589,-0.5689859,-1.1355486,0.76987916,1.889812,4.382342,2.455763,-2.8614087,0.16343199
group_attribute,-1.7936014,-0.5732739,-2.2181542,-1.685688,-1.147587,-0.538646,-2.8340762,0.50051874,-1.5289882,-1.2640358,-0.34008008,-0.8104357,1.0615047,-0.8587651,-2.1610298,-0.70534235,1.109789,3.4446435,-2.3933227,-0.02876309,-1.7233618,-0.4531676,-4.607802,-0.9960436,2.961259,0.9290909,-1.7585052,-4.522069,1.4556586,-0.6199457,4.245332,1.0416328
organism_attribute,-1.5498192,-1.6925457,-1.6844653,-2.2197356,-1.8056582,-1.6688503,-2.8967805,-1.7913505,-0.854209,-2.5682604,-0.37765014,-1.6209313,-0.8755357,-1.3910335,0.010293914,-1.6353083,1.7989362,-0.15076466,2.5481985,-1.3769733,1.01938,-7.2106047,1.4424978,2.0157921,0.9065336,1.6064099,-1.425137,-4.161309,-0.92630553,-2.9945762,0.63836944,-1.783606
finding,-1.7232536,-0.17178316,-1.5448197,-3.221524,0.86370635,-2.5545988,-1.2945569,-1.1552961,-1.4999939,-2.2876847,-0.22825532,0.65369105,1.49241,-2.4181046,-1.8224871,0.5733057,-0.7564587,5.6302557,0.83559704,-2.6933458,-1.9462277,2.076308,0.006491641,-2.1130135,2.723085,-0.20298193,0.32526374,-0.9631744,-2.2162952,-4.963098,1.6346593,1.4801804
congenital_abnormality,0.1736724,-1.1633153,-1.6891848,-2.3241975,1.553668,-1.2625325,-1.287477,0.3410063,-1.0804659,-2.1851537,-1.3315537,-0.5354001,0.5423956,0.60298425,-1.1496575,1.55271,2.2874022,2.4277267,1.8787233,0.32804027,1.3893802,0.61796075,1.4240037,4.8271623,1.0107837,0.75944465,-0.7290777,-1.4959024,2.719276,2.5534515,-0.2189053,0.1995204
anatomical_structure,-1.9136975,-1.2230005,-1.9423889,-1.4623473,-0.43752512,-0.044110656,-3.7708182,0.96307415,-2.305279,-0.50929064,0.30666226,0.00232883,-0.0088503305,-0.60532135,-2.8506792,0.28540993,-0.28402632,3.0874126,3.1664028,-2.747716,-3.0603497,-1.2938504,-3.204752,2.3673048,-1.8053062,5.1721835,-4.6453495,-0.0556336,3.0204186,2.5410833,3.8318167,3.242899
molecular_biology_research_technique,-1.5752574,0.39387485,-0.6859403,-2.2424002,-0.9532266,0.098675884,-0.9775224,0.40240192,-2.4169805,-2.6740294,1.804288,1.1372324,0.3474809,-3.646031,-0.54601836,0.90793353,2.5672607,1.5046831,-2.2074785,-2.1792758,-0.96964484,-1.8954997,-0.046040304,0.6315702,1.0056841,-1.3788335,3.743182,1.9196588,-5.63066,-3.3992183,-1.7622694,0.28245178
diagnostic_procedure,-0.70503455,0.7581048,-1.5711975,-1.1558157,0.7579192,0.53847474,-0.9977302,-1.1433666,-2.3082924,-3.7399418,1.907344,0.10033927,0.8361113,-2.5168235,-0.090549186,0.7484197,2.7980142,-0.41595712,-1.671563,0.6079171,2.0759456,-1.8095013,-2.2059226,0.27685896,2.632508,-3.0617008,3.582179,-1.5480039,-1.4829265,-2.066815,-3.5636373,-1.4239775
biologic_function,0.6302375,-0.980137,-0.49098495,-1.8505334,-0.84715325,-0.7625755,-1.7180248,-0.40514714,-1.1999476,-1.2160423,-1.7497728,-0.8913885,-1.1508925,0.8291174,-1.12555,0.64510477,1.6650352,-1.4132653,0.22905831,1.3853204,1.2448069,0.07544649,1.2575799,3.011549,-0.594156,-0.4103799,3.4469972,1.5206424,2.781134,1.4053484,0.4635394,0.6584276
tissue,-1.4553076,-0.4954458,-0.61852604,-2.738789,-1.4457396,-0.045839466,-1.9323897,-1.3604043,-1.0251467,-1.1699392,-0.08440352,-0.19193432,0.29458654,-1.473106,-2.047973,-0.058834385,0.868429,3.1283357,2.2072735,-0.16198528,0.6717115,-5.330443,-3.3211634,0.8855601,-1.6607218,-3.1434817,-1.726935,-2.8608787,3.6035001,3.7670355,-0.83977926,2.388414
hazardous_or_poisonous_substance,-2.549019,-0.3788911,-1.2222453,-3.4188437,3.083896,-1.2152557,-0.5311348,0.0042109587,-1.5833352,-2.226345,0.09748562,-0.33574784,2.443381,1.4849143,-0.9161759,-2.4891768,-1.418051,0.13126568,-3.382197,0.6390348,-1.5181836,0.2728916,-0.03727712,-2.2326841,-1.2412815,-0.40077385,-0.0124173695,2.1002457,0.331991,3.2778962,-0.8494379,-2.004644
chemical_viewed_functionally,-1.7938849,-1.8414079,-0.97199565,-1.9103258,2.4586174,0.13076402,-2.0401673,-0.6508678,-2.4959984,0.5402306,-0.46304476,-0.54451936,-0.43825588,-0.895136,-1.6053165,-1.2309566,-1.5810996,-2.7557046,-4.315671,0.31897774,0.15337904,-4.5847363,-1.2347177,1.4827291,-0.5152369,-0.22417504,-2.1707165,1.5709181,1.5097877,2.9921823,0.8847584,-1.9126763
reptile,-1.9875331,-1.0999786,-0.9356089,-1.1589833,-1.2610247,-0.734482,-2.8011832,1.3922813,-3.2604165,-0.5481083,-1.118516,-0.58719283,0.7441161,-0.3763451,-1.1336701,-1.7855338,1.9782227,-0.55022216,-0.16664433,-3.3453968,-0.9442224,3.5850983,0.18036132,-1.2417195,-3.7041674,1.6378593,4.669779,-2.4906015,0.9564809,2.2523253,1.4706386,1.1243298
family_group,-3.4973218,-1.1119218,-2.3404996,-2.1960616,-1.5156535,-0.99364865,-2.1909668,-0.73317575,-1.1965727,-0.31857952,-0.019305993,-0.8900786,-1.0273737,-1.0901941,-0.38922203,-1.8526479,-1.8289784,4.762925,2.2275777,-0.21523497,-0.5611767,2.031488,-3.9263406,-1.6194725,2.6046343,2.7800536,2.0536063,-3.6770394,-2.2207727,-2.7876115,2.5295181,-2.0120742
virus,0.44514683,-1.0269637,-1.2350866,-3.3054295,-2.0706344,-1.082906,-2.439096,1.4879192,-1.3248615,-0.7247831,0.5347773,-1.370689,0.16913597,-1.7949306,0.55782074,-2.4486938,0.2509982,-1.1979191,1.6147242,-2.058276,-2.516588,1.0902092,-0.5527694,1.5366579,-0.39090815,4.5735207,3.2033906,2.4650524,-3.539153,2.178099,-2.5981662,0.52375257
indicator_reagent_or_diagnostic_aid,-2.0439277,-0.14112853,-0.5661367,-2.7968533,2.5982451,-1.9296354,-3.000529,0.77341956,-1.1476408,-1.1674548,0.22389095,-0.2982945,1.2912381,0.20580488,-2.6968744,-2.5688918,-2.1078837,-0.47402367,-2.7015097,-1.0920784,-1.6851351,-0.60491395,0.43966034,1.6623367,-0.6970293,-0.5584865,-0.3373345,1.0008675,5.483492,6.448191,0.24231629,0.14575729
sign_or_symptom,-2.385056,-1.3574827,-2.5671318,-2.5043519,1.3750813,-0.78673035,-1.0837152,0.44822183,-1.7456692,-1.7253487,-0.54904145,-0.13968599,0.9619585,-2.1320844,-2.9607792,1.0847089,1.3618538,4.725139,0.47799656,-2.0568993,-3.243673,-1.1378617,-0.36763948,-0.592141,3.8727677,-1.2141514,-0.9764258,-1.2644111,-1.9639148,-4.859306,-1.1280705,1.1413121
antibiotic,-2.4467506,-1.0197934,-1.2258267,-2.4011078,2.7891564,-0.7236422,-1.1487333,-0.6928258,-2.760086,0.5048192,1.1594929,-0.108937934,1.7026502,-0.6985874,-2.8884127,-1.701086,-3.003548,1.550802,-3.0533166,1.3625865,-0.11454614,-4.64215,-1.1616857,0.45025495,0.4919365,1.2699996,-0.8354956,2.600962,1.7429117,3.3933344,0.081895195,-0.004172463
chemical_viewed_structurally,-1.9662733,0.21445216,-1.2523544,-2.6289196,3.2419553,0.43365148,-0.9542817,-0.63157445,-3.2483702,-0.4186597,0.7900687,1.6912589,0.5002186,-0.7515655,-2.4953668,-1.5837958,-3.7198482,-3.8219814,-1.3679065,-0.98607326,0.71602196,-3.0465279,-2.8785737,4.133353,0.47120848,1.2278966,1.1413579,-1.4107041,-2.5912242,2.2454848,-2.3812091,-4.077715
body_space_or_junction,-2.7706602,-1.4744027,-1.7126825,-2.001931,-0.6589208,-0.62083215,-2.5769513,-0.63304186,-1.9880137,-0.26819178,-0.3751244,-0.23979022,-1.0915174,-1.9840554,-2.2072425,-0.7018127,-3.478258,4.6300306,1.4838662,-1.3999618,-1.9930665,2.453382,-2.491404,2.0097237,-2.3830693,-3.4909682,-3.3364048,-3.0510201,-2.6266935,-2.4960997,-1.8427113,0.9642894
amphibian,-2.0140622,-1.0122222,-1.7444261,-2.0149271,-1.9269441,-0.827752,-1.5035275,-0.07095156,-2.3234336,-0.40985525,-0.68145347,0.58156633,0.084554546,-1.5024204,-1.496377,-1.9190011,2.2809691,-1.4183251,0.9316453,-4.1638246,-0.48396042,0.9191614,-0.5472322,-1.4435529,-1.9971037,2.2102923,4.5378375,-1.5949157,-2.2087994,2.630933,-1.3098336,3.8973505
health_care_related_organization,-2.1741207,-0.3064106,-1.6023297,-2.3512754,-1.7716453,0.6916888,-2.8106732,-0.3029579,-1.9519984,0.007127183,-0.905093,-1.1437277,-0.14291991,-1.2668419,-0.49677306,-2.1743464,-3.0931804,2.0665834,-1.4461846,-0.29126316,-0.14542457,0.2217145,-4.126298,-1.8845359,0.06082026,-4.214355,-3.0547273,-1.7771478,-0.42743775,-4.553637,2.9275923,-0.14599551
fish,-1.20582,-0.7549724,-1.7214798,-2.8524797,-2.2030745,-1.9909257,-1.7916788,3.1624691,-2.1666324,-0.05400073,-1.1534154,0.5829144,-0.08060821,-0.51424056,-0.54561657,-2.0068119,3.16979,-0.5311658,2.0254185,-3.132709,0.22310865,1.4749736,-1.6715913,-2.2116213,-2.532714,1.3864076,3.5137,1.0338988,-3.649935,2.5176494,0.9986093,1.3698405
physiologic_function,-0.38205954,-0.8964342,-0.72827023,-1.4307839,-1.0201175,0.49451607,-1.1427535,-0.38864303,-1.0114243,-0.48872602,-1.2088524,0.7794246,-1.2828751,0.7394687,-1.4604336,0.8575761,1.5350025,-1.9042199,0.97377557,0.87378156,1.5157477,0.15143538,0.8398641,2.3384526,-1.6378024,-0.9136083,2.0168998,-0.38759005,1.8590474,1.4932386,0.22526282,-0.042874165
animal,-1.9214174,-0.5093902,-1.9966364,-2.4164538,-1.4573635,-0.21301048,-1.5397877,-1.2178941,-2.9146395,-0.7476773,0.21981244,-0.6076054,3.190788,-0.04890394,0.63520885,-1.7933307,-0.8608618,-0.14182268,0.20290893,-2.7809389,-1.4940422,4.663195,-0.53876203,-1.9806725,-1.8223963,2.4923809,5.196392,-3.4085832,0.6952664,1.1844381,1.3122138,-2.3226018
injury_or_poisoning,0.40190426,-0.99945885,-2.5551412,-2.0217602,0.015305289,-0.055580396,-2.0367577,-0.2631736,-1.5124589,-2.051949,-1.056876,0.48230612,-0.41639835,0.9851063,-1.5054609,0.8393207,2.6697145,1.4245942,0.6780334,1.7533469,-2.2011123,0.3758352,0.73641956,3.326864,1.2119817,-0.0098204175,-2.126774,3.9294155,1.7860296,2.8070502,-0.83554786,-3.8211825
lipid,-0.6463032,-0.5582733,-1.7504056,-2.837445,1.6782026,-0.36603796,-1.359188,-1.3304933,-2.3380926,-0.25644934,-1.5158435,1.6123788,-0.31804928,-1.318164,-0.66023505,-2.1468728,0.67525834,-2.2379756,-3.823019,-0.8252343,2.0339856,-4.6012936,-3.8283226,0.45514938,-1.5449965,-1.8981165,0.9330859,2.3740077,-3.6951334,1.8013842,-1.1571667,-1.1394478
plant,-2.0017483,-1.1870167,-0.59588456,-1.2484615,-1.7306054,-0.28756678,-2.76328,-0.8741418,-2.9488904,-0.4789097,0.7529854,0.1300463,0.97634405,-2.0876272,-0.59007204,-1.9862214,0.011714892,-3.9383056,0.21374795,-3.7324035,-2.2629817,3.6707828,-1.0891583,-3.6570399,-0.660736,2.813094,2.8279853,-1.5953902,1.729134,1.0279049,-2.8866081,-1.5803963
organization,-2.0362864,-0.6631044,-1.3621037,-2.4587202,-0.7672617,-0.86225724,-2.9092114,-2.0180247,-2.280518,0.03800993,0.7072354,-0.6237595,-0.15063184,-0.42827722,-0.7798738,-1.8312153,-1.7664846,4.2298856,-0.50230217,-2.0643086,-1.9076571,2.053945,-4.41134,-1.6189531,-0.0957664,-4.1730976,-3.4202285,-2.2044108,-1.1437385,-4.050236,2.8687909,-3.7227168
genetic_function,-0.28345415,-0.88147056,-0.8892547,-1.815934,-1.5797551,0.91970396,-2.2977319,-0.5027869,-1.3766112,-0.39661878,-1.0506164,0.8447385,-1.5073256,1.3145504,-2.2315457,1.2995346,2.231716,-4.354545,1.9020265,0.7396835,2.5874782,1.3462878,0.52132,3.514427,-1.99692,-1.5608835,2.7542453,-2.8661487,3.1599665,1.443352,0.22121614,-0.33821055
gene_or_genome,-1.4000185,-2.407302,-1.0590785,-2.0944126,-0.6123698,-0.530708,-1.6382034,-0.6237804,-2.7573004,-1.1193081,-0.7471378,3.0063381,-0.27867687,-2.421019,-2.345236,0.5934437,0.4366986,2.8968606,3.5464005,-0.6660927,3.9319994,-3.2569587,-3.5726316,2.574645,0.25742742,-0.42088038,-1.8313326,-0.8806722,0.23426633,3.3811588,-1.7670499,-0.3133674
laboratory_or_test_result,-1.8046633,-1.333839,-5.943448,-2.2390177,2.2445064,-0.04850216,-2.0200028,-0.3779442,-0.91798574,-2.5344198,2.0856433,-0.51166785,0.89650553,-1.983229,-0.59850395,1.3574375,2.1240396,4.2278857,1.2553904,-4.205023,-2.0928078,-1.4770176,0.58882856,-1.54348,1.6206641,-2.5449245,0.19933489,3.876802,-3.583629,-2.9924424,1.7910103,0.05985471
spatial_concept,-2.5206387,-0.024878284,-1.912985,-2.0184379,0.15513787,-1.1959119,-3.1681242,0.79860824,-1.1265092,-0.23117897,1.1798607,-0.40752938,1.4054003,0.045181174,-2.0083678,-0.57251066,-1.9871863,4.8652024,-2.1649256,-1.937308,-2.4375215,4.887802,-1.2367231,1.9513016,-0.38306472,0.12027988,-0.5091581,-0.2252862,-1.6144806,-2.1140656,3.6761165,-0.7604926
rickettsia_or_chlamydia,-0.5193019,-1.0471456,-2.3592145,-2.6237483,-2.1288753,-0.8028132,-1.0802424,1.0802975,-3.0257356,-0.5697663,1.1457318,-1.1492794,0.9570433,-0.59710795,-0.4121747,-2.8450222,0.13239028,-1.5314716,2.1676157,-2.6037483,-3.5330431,1.8015063,-0.63928765,1.6546234,0.2248124,3.2396986,4.3549695,-0.63628393,-4.361273,2.9683685,-2.754396,1.0101889
body_substance,-1.2021704,-0.28801763,-3.0641232,-3.9541368,1.2352179,-0.37302828,-0.39757943,-0.6939283,-2.2423017,-0.15420493,-0.9813846,-1.0574411,0.1414902,0.017568706,-1.1886828,-3.5684578,2.065847,1.4484574,-3.465146,0.083517425,-0.8112423,-2.5540943,-2.6202404,-3.7731133,-1.9517869,-1.723932,1.8127491,1.6822895,1.3325446,-0.8353984,-2.630366,-1.0578544
intellectual_product,-0.43540514,-0.42268348,-1.3635007,-2.851579,-0.24849556,0.18249537,-1.8804247,-0.44560045,-0.67775744,-0.9690867,-0.9941045,-0.7376003,-0.07335265,-3.246483,-1.7461803,-0.15813603,-1.039236,-4.212823,-2.0365665,-1.5991851,0.38552132,0.9575656,-3.27702,0.9275632,-1.4078155,-0.11509645,-1.840289,-2.322168,0.6287676,-4.5477543,1.9685539,0.7128793
element_ion_or_isotope,-4.368651,-0.52214724,-0.5108306,-3.150703,3.1383662,-0.4807908,-1.1568432,0.2531325,-1.4934616,-2.480255,-2.2766948,0.39440778,1.3497769,-0.5488124,-0.19608779,-2.208563,-3.5020294,-2.869119,-2.817494,-1.5825424,1.531072,-3.1478326,-1.0409813,1.8824426,-0.22587946,-1.7782793,0.71706426,3.5002658,2.045069,2.8513563,-1.026093,0.85363925
research_activity,-2.072497,1.1332678,-1.1289788,-2.2694478,1.0462334,1.1559414,-1.164092,-0.23160315,-2.1257832,-3.5536635,1.4062237,1.1424251,1.6527138,-1.9695282,-0.080099925,0.9380857,3.9605274,0.19061193,-2.6646938,-2.1857324,-0.92031586,-0.9980833,-0.15133254,1.0469309,1.1358907,0.088813834,2.988077,-1.6979147,-3.9946084,-3.7609513,-1.8192257,-0.5253463
geographic_area,-2.4109464,-0.13281755,-2.1925385,-1.8537039,-0.34103775,-1.5011293,-2.5549617,0.10949403,-1.0862088,-0.24016705,-0.28281012,0.50150985,0.13325536,-1.6234004,-2.5051255,-1.1065711,-0.46422833,6.733091,-0.8906772,-1.5996376,-2.3901231,3.5292249,-0.9079875,1.9652004,1.6054372,-1.312386,0.1702828,-1.722289,-0.704806,-0.892058,2.8933566,-0.68511456
professional_society,-2.4525588,0.26477414,-2.1397169,-2.5770886,0.9026891,-1.381261,-2.801634,0.07716841,-2.1799207,0.13513541,-0.55132264,0.22275124,-0.026041912,-0.6271775,-1.0513966,-2.4181247,-3.3312151,1.7014502,-0.92837954,-1.9771744,-0.28556833,1.9839516,-3.5022671,-3.1065283,-0.86096996,-3.160922,-5.0955405,-4.0317864,1.0197248,-5.541759,3.290955,0.8998564
organophosphorus_compound,-1.9850112,-1.9556121,-2.056881,-2.6150174,2.839019,1.3569263,-0.76289314,0.18251616,-2.0572278,-1.4225197,-1.0355062,0.37654695,0.7282335,-0.5977651,-0.9178606,-2.2055075,-2.0101724,-3.993032,-1.6966331,-0.47928342,1.3843733,-4.475171,-2.217438,1.3854473,-0.36678305,-1.7465118,1.4691675,1.0409204,0.8605898,0.6256103,-2.1950457,-0.7797033
body_location_or_region,-0.60430324,-1.4178376,-1.3642741,-3.121519,-0.11033005,-1.3221874,-2.4853191,-0.69040245,-0.54215115,0.0744598,-0.15894341,-0.98983574,-0.5327619,-3.2399411,-2.3474467,-0.7405615,-1.5033716,4.014307,0.92549145,-3.1365669,0.17879425,1.2542219,-1.4768453,1.8799096,-2.4020252,-3.261607,-0.18961959,-3.7531674,-4.0120635,-4.451788,-1.5304973,-0.09529105
invertebrate,0.11150292,-0.63240683,-1.5150137,-1.1101646,-1.2948914,-0.43771082,-2.2586727,1.8017075,-3.788112,-0.25918582,-0.372459,-0.30628717,1.1856598,-0.36720666,-0.19095479,-2.1161084,2.0411413,-0.42317462,1.7009104,-2.2495096,-0.31605068,1.1919513,-0.53819376,1.7944968,-2.1368866,3.8656843,3.4302006,0.16261892,-2.924214,1.3269296,-0.92752844,0.6910006
age_group,-2.9787054,-1.0005193,-1.9333631,-2.3624208,-0.4638157,-0.38708183,-1.3353966,-0.21947885,-2.0172281,-0.88531876,0.027390799,-0.62443,1.9306477,-1.2423482,-0.07089995,-0.8157982,-1.7135354,4.489563,0.85969067,0.9497288,-0.8111096,1.7338874,-5.1129203,-1.2828747,1.8188782,2.469011,2.3115075,-2.9013202,3.4903455,-2.4677958,2.683917,0.19286671
human_caused_phenomenon_or_process,-2.0606391,0.25551248,-0.5931492,-1.9995644,-0.8562355,0.8730163,-2.0187984,-0.0060951547,-2.0791225,-1.3391807,0.43431702,-0.79895604,0.59485126,-0.46528113,-1.2823948,-0.46212044,0.10761914,-2.9552243,-0.14948155,-1.9411823,0.9271289,0.16952686,1.832861,5.0208616,-2.4047673,-1.5270216,0.25014767,-1.6832744,2.7738452,-1.8513892,0.3579815,1.2697296
phenomenon_or_process,0.41759437,0.773375,-2.0404518,-2.18229,-1.1738169,1.1407644,-2.1688125,0.088970326,-2.9220152,-2.299107,-2.7756426,-0.7086375,1.9589478,-1.9052787,-0.93118346,0.95633924,1.1133115,-1.7232249,-1.1083695,0.20228012,-1.8297844,-0.6096275,1.8081808,5.640938,-2.9139025,1.2038534,2.983408,-0.026878817,2.0494418,-1.1896602,2.1343777,1.8644116
individual_behavior,-0.80864185,1.6223027,-0.0071812756,-2.5625708,-0.53679365,-1.2302626,-2.9237854,2.155404,-0.6546356,-1.9471232,-0.6788687,1.2102195,0.9427308,-1.226886,-1.7991188,-0.014113935,-1.3052874,1.2878221,-0.0871807,0.40954927,-1.4538847,2.2088993,-0.3070424,2.8324554,3.6456184,-2.9838216,4.4919443,-0.5415277,-4.0955,-0.08225983,3.235047,0.67641807
bird,-0.8716865,-0.2876935,-1.9552933,-2.218294,-2.8843386,-1.0514343,-1.6263316,0.9807301,-2.6172063,-2.777317,-0.91962755,-0.5002494,0.26130804,-1.692561,-0.7871627,-2.3621368,2.8705404,1.8870162,1.0469574,-2.308962,0.37657374,0.25304198,0.20268552,-0.4058891,-1.7726893,2.5969384,5.377941,-0.3038517,-0.8708545,2.5570478,-0.95473623,2.3417213
mammal,-1.747177,-0.5826211,-1.6051127,-2.1958861,-1.9257729,-0.4072402,-1.7425871,1.0142983,-2.2895756,-1.1907496,-0.92961776,-0.8310353,-0.21819185,-0.57129997,-0.41400748,-1.3868958,3.1569934,0.59933555,1.0903143,-3.3239434,0.89966667,0.97815174,0.60049975,0.3754165,-3.3477964,1.3361198,4.2015967,2.1985931,1.1689312,1.5099328,-0.2945406,1.578296
qualitative_concept,-2.4122195,-0.17729671,-3.4876432,-2.644841,0.32535893,-1.5266492,-1.1499145,-0.88906604,-0.46806774,-0.050284997,-2.4188056,-0.892553,-0.61205614,-0.20942223,-1.6803755,-0.38975072,0.05110364,-2.8038027,-0.22880493,-2.6099727,-0.35446241,2.3297834,-0.6646479,0.6556339,0.21885288,-1.1045232,-1.2507744,-3.9217198,-3.5341513,-0.80720377,1.8338022,-0.649946
environmental_effect_of_humans,0.16516076,0.31378257,-1.9962867,-2.1624994,-1.585922,-0.77253664,-2.1401384,-1.0781485,-1.7234874,-0.1291301,-1.6938787,-0.8688749,-0.8086031,-0.9188175,-2.9292514,0.06266035,-1.0517647,-2.0739546,0.1428707,-0.4614961,-3.675151,-1.387186,2.5287995,4.208472,-1.6296409,-1.8877132,-1.1335498,-1.6561314,4.0036836,-0.7901487,-0.29310316,-1.8576952
social_behavior,-0.15806645,1.0305556,-1.9473389,-3.0223486,0.56074655,0.4585678,-2.3088515,1.3136989,-0.9854143,-1.4330823,-0.66562706,2.9957864,-0.24481787,-0.6496353,-2.245507,0.3451889,-1.9981242,1.3586874,-0.108544774,0.72348815,1.7541643,2.004475,-0.41766346,3.3211977,1.6579863,-3.4023774,2.4597795,0.27301136,-4.5788364,-0.5122349,3.880223,1.82434
biomedical_or_dental_material,-0.44077593,-0.55345887,-1.2092826,-2.1122658,2.8190892,-1.7497413,-2.449988,-0.03127316,-3.213549,-1.1810833,-0.30496666,0.06918023,3.0340495,-1.4592333,-2.4012334,-2.8882957,-2.688712,0.0991222,-1.6695801,-0.4114589,-0.84549254,-4.536908,-1.6109145,1.5468762,-2.1043594,-1.1082424,-0.25793004,1.6180885,3.405222,4.426495,-1.4912763,-2.3009913
quantitative_concept,0.28332782,-1.5638415,-2.2412057,-2.7953968,0.28225687,-2.0601356,-2.5859032,0.0710864,0.0609593,-2.175321,1.048903,-1.6203533,0.58016384,0.04777707,-0.39479294,-1.1339831,1.5149753,-0.9660311,-2.7511451,-1.2466127,1.4833033,2.8504708,-1.1563102,-2.3910327,-0.848289,-1.2495393,-0.4464568,-5.143706,-2.8958504,-1.6703597,1.1895665,-0.015988646
inorganic_chemical,-2.0843248,-0.85674816,-0.9779586,-2.2507741,3.3612745,0.7295941,-2.772638,0.2739132,-1.9354668,-0.93811536,-1.0213146,-0.5114089,0.7878357,0.20530349,-2.1204755,-2.617707,-1.6476436,-2.4690287,-3.2089367,-1.192231,1.134486,-2.9200113,-0.79167616,1.2323147,-0.27728024,-2.2379858,-0.6826349,4.2907796,-0.7065794,1.5550256,-0.13944955,-0.8105955
drug_delivery_device,-0.13964619,0.68677104,-2.6948457,-2.227268,-0.46399194,0.052043773,-1.4734511,0.5461547,-2.0706234,-2.5584967,-0.34509158,-0.27253368,0.32288164,-2.576943,-1.0902663,-2.1767151,-1.162012,-2.4711914,-0.9547727,2.183312,-1.6126914,-3.7832935,-2.9584486,2.728318,0.522578,1.6672183,-1.5316857,-0.34660634,0.8307823,-0.51421666,-1.9372222,-0.80229527
educational_activity,-2.0126047,-0.116111696,-0.6389293,-2.181842,-0.8403676,0.744592,-1.8759179,0.19586208,-2.9003992,-1.431171,-0.020967497,-0.021494392,1.3065143,-1.548287,-1.4957683,1.1187253,5.150525,0.8503184,-0.7317461,-1.0472968,0.7228686,-1.1911294,-3.0560095,-1.3805944,0.76271886,-0.70540243,4.8345604,0.4554841,-4.3509455,-2.4699588,1.3329105,-0.6767409
chemical,-1.3773769,0.27222604,0.40411764,-1.5879292,1.1919514,-0.95186543,-3.1433637,-0.040079914,-1.4994868,-0.10063727,0.6338925,1.0406028,0.1622732,-0.0028246471,-2.7838805,-1.4568559,-1.1367414,-4.021892,-3.7046745,0.15110157,-1.6950364,0.19333008,-1.764743,1.8787999,-0.7809683,-1.6296588,0.07548225,-4.151724,1.1881614,4.744832,1.4499997,-1.756357
vitamin,-1.0260161,-0.55092347,-1.0592523,-3.1830487,1.4186263,-1.552859,-0.62293065,-0.8278315,-1.0844377,-0.47098,-0.8028785,-0.23606615,0.7444467,-0.4963214,-2.1119275,-1.9905717,-0.06565017,0.49050033,-2.2201998,0.14623,-0.6839887,-3.7683349,-0.61930007,-1.3373959,-0.79058427,0.66288084,-0.524212,3.5074673,1.1579753,4.340284,-0.5971902,1.0339924
fully_formed_anatomical_structure,-1.2737917,-0.3754868,-1.9247686,-1.2029216,-2.6409233,-4.1710396,-1.8370259,0.22161566,-2.393607,-1.9844824,0.83557457,1.475405,-0.6073697,-2.9196603,-1.3209685,-0.0032465458,-1.8207992,4.7463226,1.9837619,-0.36122942,-0.21373361,-5.2204547,-3.9211714,5.025701,-1.2018621,-1.336226,-0.8403423,-3.764836,-0.8450937,0.94313014,0.90626466,-0.46982026
group,-3.3702183,0.23627798,-1.5518037,-2.0608728,-1.3403212,-0.4304703,-2.506059,-0.033526577,-1.1616964,-0.50477767,0.13477577,-0.6472492,1.4939976,-1.1031458,0.20217112,-1.3114392,-2.7164311,6.1322775,-0.41609743,0.8888362,0.9186967,0.6123529,-4.5468125,-0.45423412,2.2913282,1.664053,1.3130511,-4.03261,1.0556456,-2.8487086,3.478463,-1.6952186
nucleotide_sequence,-2.0858123,-0.4462261,-2.8087623,-2.0462496,-0.23317367,-0.38299474,-2.2560542,0.1115409,-1.3741193,-0.95565534,-0.2822164,0.3095668,0.411832,-0.3857851,-2.3543644,-0.7077129,-1.9470004,1.930634,-0.2986827,-2.1349711,-4.82687,6.3299823,-0.7955203,2.0123181,-0.59377104,0.06882562,-1.622239,-4.7834067,-0.962226,-2.8207777,0.54869974,-0.5459843
body_system,-2.362804,-0.6337453,-3.2068942,-2.1773283,0.18321067,-1.0031801,-1.941024,-0.22466443,-2.137528,-2.9527767,1.1884093,-0.01830622,0.579366,-3.2140422,-1.4949002,-1.8795633,-2.5607,4.583795,0.97826636,-1.7906833,-4.727235,2.9778733,0.4693155,2.6308312,-1.3239802,1.4866767,-1.9800082,-2.4223113,0.7744075,-4.0184464,-1.8901179,-0.6674564
food,-1.6155025,0.32186735,-1.4292209,-2.7052286,1.4593552,-0.16726373,-2.298484,0.41670862,-2.8880827,-0.39940202,0.5437957,-0.4856619,2.9228542,-2.9879148,-1.239383,-2.5436103,-0.28422397,-2.7974172,-2.973983,1.5926135,2.2246413,-2.5539956,-2.0462654,2.7033577,-1.785972,0.50569373,0.93532157,1.2158312,4.7217155,-0.4401338,-0.24570432,-0.9800891
bacterium,-0.48051375,-0.61979294,-2.5215979,-2.217473,-2.0145578,-1.4669077,-1.9395034,2.486948,-2.2144303,-0.9125385,0.38685092,-0.28995597,0.9612428,-0.45184788,0.7898785,-2.148405,-0.9556543,-2.3260255,2.3278847,-0.84227425,-2.205336,1.5046331,-0.6910888,3.2680604,-1.072863,3.9436939,4.422387,-0.4989134,-1.3812095,1.9978511,-2.3388536,-0.6113495
fungus,-1.7457205,-1.0495671,-2.1650739,-1.340501,-1.7832595,-0.39713094,-2.5682437,1.8258326,-2.73992,0.36504197,1.3539932,-0.33299276,1.0357885,-0.9524658,-0.55090725,-1.883666,-1.3028556,-3.2774363,2.9880204,-3.0232382,-1.7520736,2.898413,-0.8493627,-0.48061323,0.41116226,3.533481,3.934478,-2.4229841,-3.534933,1.0945977,-4.0489616,-1.8979102
research_device,-0.92198926,0.7130758,-2.8827212,-2.479299,0.002318997,0.34125403,-2.2660124,0.033510048,-1.1596351,-1.8292083,2.649094,0.8815832,1.1603533,-3.306703,-1.0589031,-0.6380126,1.3454114,-3.8822036,-2.9525375,-0.27912635,0.6840878,-0.89554703,-3.103244,5.0378976,-0.89509517,3.823154,-2.1046002,-1.2729375,2.9502556,-1.488502,-1.351114,-2.0150676
governmental_or_regulatory_activity,-2.3581512,0.16558218,-1.052211,-2.0477498,-0.5241697,-1.255066,-1.4891036,0.91873115,-2.5134313,-2.1374688,-0.08582038,0.66022474,1.1406636,-2.0163333,-1.3023642,0.92227525,3.647248,2.4549441,-2.6112268,-0.93290097,2.4686756,-2.5270126,-1.6547532,-0.036985345,-1.050139,-0.57699674,5.1694565,1.5016092,-2.584984,-1.9849148,0.43860096,-1.1150776
idea_or_concept,-1.6985965,-1.4486872,-1.4000554,-1.968874,1.1564978,-1.0935304,-1.7389083,0.18710266,-2.4989035,-1.2968642,-1.4119086,-2.1103344,-0.026742928,-1.5242808,-0.24574046,-1.1010022,-1.6818913,1.8530807,-0.56031114,-1.9941424,-1.2741272,1.1775526,0.3005406,1.5880586,-1.5157683,-0.31390384,-3.964607,3.614297,-2.6575143,-1.0853179,3.230872,-1.5179487
occupational_activity,-1.3707048,1.2519373,-0.97862345,-2.7366874,-0.8019407,-0.31544298,-1.4251057,-0.20391057,-1.5405213,-2.2769635,-1.1381342,0.15990897,-0.4399517,-0.7910825,-1.2525403,1.3590219,2.456421,2.6060214,-2.3371975,0.2089524,-0.21385866,-1.3266399,-1.7051064,-1.0513871,-0.29049623,0.9781228,4.7835183,0.65328777,-3.2092683,-2.3953297,3.5270317,-1.1461033
physical_object,-3.8950293,-0.60025346,-3.6589832,0.100641154,-0.28613913,0.7123807,-2.759943,0.6317405,-1.2506315,-5.6387734,1.1544847,-0.36209586,-2.2684152,0.8199087,-1.1877172,-2.0230718,0.9049992,0.46970314,0.3647249,-2.1829524,0.5527441,-0.4415781,-4.669508,3.7906022,-1.4504207,-1.1592474,1.3227308,-1.2050256,0.11857409,4.3788323,4.9654393,-0.9664577
vertebrate,-2.2009027,-0.58886105,-1.2550758,-2.332884,-2.6469207,0.28115824,-2.0435286,0.006587308,-2.853242,-1.9762619,0.0036145928,-0.41840968,0.7962413,-1.6742672,0.34448764,-1.8699665,1.1776903,-1.1853722,-0.16597858,-3.666903,-0.28956392,1.5015575,-0.38071734,-2.9182405,-3.0155125,3.512252,5.5175877,-5.3191543,-3.0011525,1.0305264,1.1391046,-0.6073884
substance,-2.0291007,1.5068129,-2.1601596,-1.3116269,3.6583302,1.1937729,-3.4653766,-0.3169312,-2.4920766,0.18812424,-3.2363381,-0.48593634,1.0272634,-0.7750087,-1.9853438,-1.8734726,-3.8177505,-2.2815661,-0.61746883,-0.59513676,0.84264714,-2.3644557,-1.7764277,3.2908025,-3.4188724,0.5217035,-0.14827052,-1.3778665,2.6442857,-0.82754725,1.7766161,-3.585404
medical_device,-0.7795801,0.9822535,-0.85879546,-2.6979222,2.2574205,0.52593184,-2.620707,-1.1795577,-1.9736081,-1.9236499,0.4976818,-0.89026076,0.5947538,-1.0166473,-2.9145308,-1.9313687,-2.2433658,-0.6026437,-2.517757,1.3304292,0.92760015,-1.4463656,-4.102952,3.1515872,1.9300845,4.6131907,0.17327146,0.06620284,1.8265976,-1.0067245,0.35339758,-0.7348808
manufactured_object,-0.7204595,0.6348246,-1.9972284,-2.5332174,2.405562,-0.8462581,-2.0890443,0.07624152,-2.3914294,-0.7616158,-1.8199844,-1.1793717,0.5584617,-0.83210945,-2.176007,-0.6167112,0.4795453,-3.0596716,-2.1462302,0.30281997,2.1350179,-1.3022043,-3.8243284,4.8205204,0.9381855,4.180477,-1.4932927,-0.13443518,3.3295476,-2.205563,2.1348839,-2.1833143
classification,-0.6552021,-2.296238,-1.3923463,-2.5251367,0.30346856,-0.41966397,-2.785131,-0.098215915,-0.76320785,-0.91890687,-1.6566523,-0.043067116,-0.9942782,-2.218824,-1.5011992,-0.031168781,-0.85659915,-4.9942613,-2.1346548,-1.3915211,-1.5177075,0.9350463,-4.0252833,2.9493945,0.09117012,-0.48033208,-0.17686348,-3.3876572,-0.5958848,-1.4362676,1.3587435,0.79944384
daily_or_recreational_activity,-1.2239525,0.050237656,-0.9494013,-2.167384,-2.352172,-1.171151,-2.5153751,-0.9617156,-2.9316056,-0.33120686,-0.11621127,-0.06821136,0.40587714,-2.8679285,-2.682378,1.274659,2.6811292,2.1327736,-1.9692287,-1.9133463,1.0575119,2.8527281,-2.4969504,0.36810982,-0.054944728,-2.733677,3.005884,-0.40278977,-6.3894134,-1.776799,0.021741142,-0.8434315
conceptual_entity,-1.3222909,0.24453668,-1.7283407,-1.6094636,0.82736266,-0.748958,-3.7448795,0.12155481,-1.9838798,-2.3267653,-0.057258867,-3.2863274,0.96738386,-3.5728364,-0.2250504,-0.6855712,-4.70432,3.3993404,-1.5064154,-2.8611312,-0.52422464,0.92243874,-3.2397568,0.62733775,0.2900451,1.5818899,-1.1296787,6.0567093,0.88820666,-3.194326,3.1505132,-1.7304775
occupation_or_discipline,-3.444618,-0.26046717,0.3912215,-2.2310507,2.852309,1.2409916,-2.5326452,-0.26036203,-2.012901,-1.2719096,1.7352594,-1.1746323,0.4776604,-0.5015262,-0.70382386,1.1023272,-3.1022663,-1.2955282,-2.9265766,-3.0223777,-4.3609395,0.69436777,1.3408029,-1.0547626,1.3749971,2.32963,-2.758417,-3.3833723,3.585182,-1.0746973,4.199432,0.049469773
amino_acid_sequence,-2.125506,-0.6599077,-2.9562027,-1.9262091,1.3250787,1.3676558,-1.5757601,-0.032621432,-2.0221245,-1.5535613,-0.8172336,0.3527331,0.34381527,-0.92370653,-1.4063655,0.21606135,-2.0202034,0.55846465,-3.660859,-0.32025936,0.463103,5.013567,-2.3169105,1.4691472,-1.527224,-1.4683613,-0.7022804,-3.8986626,2.4007058,-3.0051749,-1.6856313,-2.2730832
clinical_drug,-0.024188234,-1.0213993,-2.7430916,-2.659046,-0.77939236,0.50350213,-3.0559673,0.12935959,-1.0731628,-1.5271001,0.1283541,-0.27929857,0.19542763,-1.4852232,-1.0103333,-1.9980042,-0.54662997,-3.1448915,-2.9849052,-0.44972083,-3.0772069,-2.3253536,-4.918942,3.9421904,1.4701203,2.6845963,-1.7688121,-1.4511669,1.4887711,-0.22049344,-0.12291285,2.1732335
activity,-1.0839807,-2.2840934,-1.8544762,-2.23332,-1.2253108,0.19912189,-2.8065774,0.8833167,-2.0962067,-1.6073933,-1.9140906,2.4429402,-0.16568354,-0.956554,-0.83634806,0.4257009,-0.91126597,0.7171723,-2.5815566,0.31210023,1.1548363,2.275674,-2.2130094,2.070491,-0.6644139,3.0607188,4.162963,-1.9807299,-2.8549721,-0.6223395,4.9758134,1.1885066
event,-2.2191432,-0.7875428,-3.2923417,-1.9090734,-1.2049228,-1.8473915,-0.8606773,2.2654858,-1.4651408,-3.5894845,-0.18747184,0.51074374,0.26275066,-2.7764268,-2.4410727,1.2808868,1.2456234,-0.31472376,-0.33583984,0.055417355,-1.6143446,0.8361019,-1.814246,4.501151,-1.8147687,2.8152504,2.913825,-4.3892775,-4.271612,1.7314155,3.943901,1.9276974
temporal_concept,-0.79225004,0.9174581,-3.950398,-3.6383991,0.22884342,1.2346967,-1.830477,-0.8975612,0.45520684,-2.0732431,0.92952496,-1.3624942,1.033639,0.051200774,-0.8739595,-1.1326364,1.7934355,-0.51883394,0.4320297,-0.9580886,-0.1607299,-2.9232752,0.028033504,-0.27609608,-2.8954103,0.059165392,0.4694317,-5.257307,0.60730374,-2.7842221,-1.6828767,-0.68163645
archaeon,-2.616527,-0.57584584,-1.8855716,-3.3622415,-1.6569865,0.091357216,-1.1628717,1.2567059,-2.1651037,-0.13433781,-2.0278947,-0.99883294,1.4093271,-2.2777715,-0.22672535,-1.9439414,3.7956352,0.12025416,0.85632145,-5.6151967,0.27687874,1.0960268,1.1860287,1.3039982,-4.005607,0.8098582,2.677783,0.20656194,-1.097026,1.0585517,-0.9405198,2.6165695
language,-1.0663123,-0.2682998,-2.58589,-2.40133,0.31142095,-0.69853026,-1.7853247,-0.05679561,-2.245296,-1.5945532,0.4764548,-0.16344391,-0.38375625,-0.37176377,-0.77097297,-0.7740654,-1.8122182,0.92265445,-0.43886295,-2.5790777,-1.5808938,1.0025104,-4.1488256,-0.46847498,-0.33993042,-0.11860025,0.4796931,-4.563816,-0.35232854,-1.4218155,0.93831444,3.4921029
biomedical_occupation_or_discipline,-3.713097,-0.392072,0.076177105,-1.4455522,1.8740227,-3.14078,-3.3892374,-0.15030597,-1.6256882,-1.6116027,0.14422105,-1.1664882,-0.051226646,-0.74800396,-0.9403278,0.682888,-1.5494766,1.0918975,-1.7242373,-4.012324,-3.3335655,0.38444516,0.26244092,-2.7750485,2.743228,1.0657698,-2.7682726,-1.7176101,2.9251847,-0.3317603,4.335446,-2.4830139
functional_concept,-1.9550959,-0.2658341,-2.1150403,-2.307316,0.38888562,0.34035295,-2.7370045,-0.31051093,-2.179538,-2.2397978,0.007969303,0.013200267,0.44962168,-0.016649615,-1.556588,-2.0010543,-0.32735446,3.4645348,-2.142961,-0.42789063,2.472198,2.7919266,-0.058697406,0.032919466,-2.4659617,-0.07640016,-3.0474443,-2.8978653,1.2213917,-4.389859,1.832859,0.032918382
machine_activity,-1.1063365,1.3691552,-1.4948035,-2.3121645,-0.7730162,0.91326064,-1.8150319,-0.31342047,-2.6869078,-1.379315,2.1938503,0.27103946,-0.75968564,-0.34210706,-1.9038714,0.45126885,2.9827635,-0.75446683,-0.74856883,-1.4854033,3.0804434,1.3473634,-2.8083065,0.57528174,0.40361166,0.18026191,-0.11801182,0.7288247,-3.4368007,-0.3568533,0.07796157,-0.7650932
entity,-2.436621,-0.43422067,-2.9231877,0.30753103,1.4195253,1.2648861,-1.9134636,-0.19511272,-2.5265248,-4.821841,1.3559797,-1.8469384,-1.327973,0.14738174,-1.523648,-2.0002577,-3.6765654,1.4319413,2.1120858,-3.948022,0.21240729,-0.8153858,-4.167575,1.8665394,0.47176358,-2.0348258,-0.06812072,2.341434,-0.73663044,0.94297564,5.2441607,-0.6079665
carbohydrate_sequence,-3.128189,-1.1033885,-2.6075358,-1.8048242,-0.58542585,0.72507125,-2.0408201,-0.43082917,-2.9005842,-0.98740464,0.15476555,0.8118714,0.6887156,-0.22496866,-1.7118227,-0.183553,-1.4727814,1.1285617,-1.4556056,-3.524958,0.6412114,5.388881,-3.8802085,0.43969998,-0.47086105,-0.720993,-0.42527092,-3.7779589,-1.0248256,-2.1380906,-1.358423,-1.6607223
organism,-2.404477,-1.4076747,-1.6754612,-2.5328147,-2.1318066,-1.5917325,-2.5786648,-0.72720015,-1.7723501,-0.39967906,-1.1507171,-0.5616514,-0.6931881,0.47663835,0.21559213,-1.6240579,0.45116985,-2.5362978,0.9923384,-3.9628806,0.6698743,3.093533,0.08674952,-0.25491583,-4.1727457,1.5491899,2.6574197,-3.450851,-3.3814914,2.8552074,2.3001494,-1.7735039
